{
  "0": 0.24445893089960888,
  "1": 0.45908998163640075,
  "2": 0.47740292807129214,
  "3": 1.1013215859030836,
  "4": 1.048462255358807,
  "5": 1.0553470919324577,
  "6": 1.082771896053898,
  "7": 0.9594882729211087,
  "8": 1.7482517482517483,
  "9": 1.6175413371675054,
  "10": 1.1352169525731584,
  "11": 2.3784355179704018,
  "12": 1.8057784911717496,
  "13": 2.295918367346939,
  "14": 1.838235294117647,
  "15": 2.4089935760171306,
  "16": 1.6666666666666667,
  "17": 1.6105941302791698,
  "18": 1.490066225165563,
  "19": 1.8891687657430731
}